FY 2026-2027,Unnamed: 1,FY 2025-2026,Unnamed: 3,Tenure1,Tenure2,Region,Seen in last year's sales,Note
,,"Ugadi: Thursday, March 19, 2026",,,,South,South 1.7x (19 Mar),"Ugadi 2027 falls in April, next financial year"
"Bohag Bihu (Rongali Bihu): Tuesday, April 14, 2026",,"Bohag Bihu (Rongali Bihu): Monday, April 14, 2025",,,,East,East 1.8x (14 Apr),
"Pohela Boishakh (Bengali New Year): Wednesday, April 15, 2026",,"Pohela Boishakh (Bengali New Year): Tuesday, April 15, 2025",,,,East,East 2.1x (16 Apr),Please confirm the 2026 date (14 or 15 Apr in West Bengal)
"Akshaya Tritiya: Monday, April 20, 2026",,"Akshaya Tritiya: Wednesday, April 30, 2025",,,,All,South 2.2x (30 Apr – 1 May),Please confirm the 2026 date
"Jamai Shashti: Thursday, May 21, 2026",,"Jamai Shashti: Sunday, June 1, 2025",,,,East,,Please confirm both dates
"Eid al-Adha (Bakrid): Wednesday, May 27, 2026",,"Eid al-Adha (Bakrid): Saturday, June 7, 2025",,,,All,,Subject to moon sighting; please confirm 2026
"Rath Yatra: Thursday, July 16, 2026",,"Rath Yatra: Friday, June 27, 2025",,,,East,,Odisha and West Bengal
"Independence Day: Saturday, August 15, 2026",,"Independence Day: Friday, August 15, 2025",,,,All,South 2.6x,Same date every year
"Onam: Thursday, August 20, 2026",,"Onam: Friday, September 5, 2025",,,,South,,"The tab has 20 Aug 2026; Thiruvonam 2026 may be 26 Aug, please check"
"Varamahalakshmi: Friday, August 21, 2026",,"Varamahalakshmi: Friday, August 8, 2025",,,,South,,Please confirm the 2026 date
"Raksha Bandhan: Friday, August 28, 2026",,"Raksha Bandhan: Saturday, August 9, 2025",,,,All,,
"Krishna Janmashtami: Friday, September 4, 2026",,"Krishna Janmashtami: Saturday, August 16, 2025",,,,All,,
"Ganesh Chaturthi: Monday, September 14, 2026",,"Ganesh Chaturthi: Wednesday, August 27, 2025",,,,South,South 1.8x,
"Mahalaya: Saturday, October 10, 2026",,"Mahalaya: Sunday, September 21, 2025",,,,East,,"Year added to 2026 — the live cell has none, so the reports cannot read it"
"Navratri (Sharad Navratri): Sunday, October 11 – Monday, October 19, 2026",,"Navratri (Sharad Navratri): Monday, September 22 – Wednesday, October 1, 2025",,,,All,East 2.2x (24–29 Sep),2025 corrected: Navratri ran 22 Sep – 1 Oct (the live cell says 29 Sep – 2 Oct)
"Durga Puja / Dussehra (Vijayadashami): Tuesday, October 20, 2026",,"Durga Puja / Dussehra (Vijayadashami): Thursday, October 2, 2025",,45 days,30 Days,All,East 2.2x run-up · South 2.2x (2 Oct),Unchanged — drives the festive reports
"Karwa Chauth: Thursday, October 29, 2026",,"Karwa Chauth: Friday, October 10, 2025",,,,All,,
"Dhanteras: Friday, November 6, 2026",,"Dhanteras: Saturday, October 18, 2025",,,,All,East 1.8x (16–19 Oct),
"Diwali (Deepavali): Sunday, November 8, 2026",,"Diwali (Deepavali): Monday, October 20, 2025",,45 days,30 Days,All,South 1.6x (14–21 Oct),Unchanged — drives the festive reports
"Kali Puja: Sunday, November 8, 2026",,"Kali Puja: Monday, October 20, 2025",,,,East,,Same night as Diwali
"Govardhan Puja / Bhai Dooj: Tuesday, November 10 – Wednesday, November 11, 2026",,"Govardhan Puja / Bhai Dooj: Thursday, October 23, 2025",,,,All,,
"Chhath Puja: Sunday, November 15, 2026",,"Chhath Puja: Monday, October 27, 2025",,,,East,,
"Guru Nanak Jayanti: Tuesday, November 24, 2026",,"Guru Nanak Jayanti: Wednesday, November 5, 2025",,,,All,,
"Christmas: Friday, December 25, 2026",,"Christmas: Thursday, December 25, 2025",,,,All,South 1.5x,Same date every year
"Makar Sankranti / Pongal: Thursday, January 14, 2027",,"Makar Sankranti / Pongal: Wednesday, January 14, 2026",,,,South,South 1.8x (15 Jan),
"Republic Day: Tuesday, January 26, 2027",,"Republic Day: Monday, January 26, 2026",,,,All,East 2.0x · South 2.4x,Same date every year
"Vasant Panchami (Saraswati Puja): Monday, February 1, 2027",,"Vasant Panchami (Saraswati Puja): Friday, January 23, 2026",,,,East,East 1.7x (23 Jan),The tab has 1 Feb 2027; please check
"Maha Shivratri: Saturday, March 6, 2027",,"Maha Shivratri: Sunday, February 15, 2026",,,,All,,
"Eid al-Fitr: Wednesday, March 10, 2027",,"Eid al-Fitr: Saturday, March 21, 2026",,,,All,East 1.8x (18 Mar),Subject to moon sighting
"Holi: Monday, March 22, 2027",,"Holi: Wednesday, March 4, 2026",,,,All,,2027: Holika Dahan on 21 Mar
